season,raceName,driverRef,first_set,stint_1,second_set,stint_2,third_set,stint_3,fourth_set,stint_4,fifth_set,stint_5,sixth_set,stint_6,total
2016,Abu Dhabi Grand Prix,hamilton,Ultra soft,7,Soft,21,Soft,27,,,,,,,55
2016,Abu Dhabi Grand Prix,rosberg,Ultra soft,8,Soft,21,Soft,26,,,,,,,55
2016,Abu Dhabi Grand Prix,vettel,Ultra soft,8,Soft,29,Super soft,18,,,,,,,55
2016,Abu Dhabi Grand Prix,verstappen,Super soft,21,Soft,34,,,,,,,,,55
2016,Abu Dhabi Grand Prix,ricciardo,Super soft,9,Soft,15,Soft,31,,,,,,,55
2016,Abu Dhabi Grand Prix,raikkonen,Ultra soft,7,Soft,18,Soft,30,,,,,,,55
2016,Abu Dhabi Grand Prix,hulkenberg,Ultra soft,8,Soft,18,Soft,29,,,,,,,55
2016,Abu Dhabi Grand Prix,perez,Ultra soft,9,Soft,18,Soft,28,,,,,,,55
2016,Abu Dhabi Grand Prix,massa,Ultra soft,8,Soft,22,Soft,25,,,,,,,55
2016,Abu Dhabi Grand Prix,alonso,Ultra soft,7,Soft,31,Super soft,17,,,,,,,55
2016,Abu Dhabi Grand Prix,grosjean,Soft,20,Soft,18,Super soft,17,,,,,,,55
2016,Abu Dhabi Grand Prix,gutierrez,Super soft,8,Soft,20,Soft,27,,,,,,,55
2016,Abu Dhabi Grand Prix,ocon,Soft,22,Soft,14,Super soft,18,,,,,,,54
2016,Abu Dhabi Grand Prix,wehrlein,Ultra soft,6,Soft,18,Soft,30,,,,,,,54
2016,Abu Dhabi Grand Prix,ericsson,Soft,38,Super soft,16,,,,,,,,,54
2016,Abu Dhabi Grand Prix,nasr,Super soft,7,Soft,29,Soft,18,,,,,,,54
2016,Abu Dhabi Grand Prix,palmer,Ultra soft,7,Soft,14,Soft,20,Super soft,13,,,,,54
2016,Abu Dhabi Grand Prix,sainz,Super soft,6,Soft,22,Soft,,,,,,,,28
2016,Abu Dhabi Grand Prix,kvyat,Super soft,8,Soft,,,,,,,,,,8
2016,Abu Dhabi Grand Prix,button,Soft,,,,,,,,,,,,0
2016,Abu Dhabi Grand Prix,bottas,Ultra soft,,,,,,,,,,,,0
2016,Abu Dhabi Grand Prix,magnussen,Soft,1,Soft,,,,,,,,,,1
2017,Abu Dhabi Grand Prix,hartley,Super soft,26,Ultra soft,28,,,,,,,,,54
2017,Abu Dhabi Grand Prix,sainz,Ultra soft,31,Super soft,,,,,,,,,,31
2017,Abu Dhabi Grand Prix,ricciardo,Ultra soft,19,Super soft,,,,,,,,,,19
2017,Abu Dhabi Grand Prix,ocon,Ultra soft,31,Super soft,24,,,,,,,,,55
2017,Abu Dhabi Grand Prix,massa,Ultra soft,22,Super soft,32,,,,,,,,,54
2017,Abu Dhabi Grand Prix,alonso,Ultra soft,21,Super soft,33,,,,,,,,,54
2017,Abu Dhabi Grand Prix,magnussen,Ultra soft,22,Super soft,32,,,,,,,,,54
2017,Abu Dhabi Grand Prix,raikkonen,Ultra soft,15,Super soft,40,,,,,,,,,55
2017,Abu Dhabi Grand Prix,stroll,Ultra soft,11,Super soft,18,Ultra soft,6,Ultra soft,19,,,,,54
2017,Abu Dhabi Grand Prix,hamilton,Ultra soft,24,Super soft,31,,,,,,,,,55
2017,Abu Dhabi Grand Prix,ericsson,Super soft,30,Ultra soft,24,,,,,,,,,54
2017,Abu Dhabi Grand Prix,verstappen,Ultra soft,14,Super soft,41,,,,,,,,,55
2017,Abu Dhabi Grand Prix,hulkenberg,Ultra soft,17,Super soft,38,,,,,,,,,55
2017,Abu Dhabi Grand Prix,wehrlein,Super soft,28,Ultra soft,26,,,,,,,,,54
2017,Abu Dhabi Grand Prix,gasly,Ultra soft,30,Super soft,24,,,,,,,,,54
2017,Abu Dhabi Grand Prix,grosjean,Ultra soft,32,Super soft,22,,,,,,,,,54
2017,Abu Dhabi Grand Prix,vettel,Ultra soft,20,Super soft,35,,,,,,,,,55
2017,Abu Dhabi Grand Prix,perez,Ultra soft,16,Super soft,39,,,,,,,,,55
2017,Abu Dhabi Grand Prix,vandoorne,Ultra soft,12,Super soft,42,,,,,,,,,54
2017,Abu Dhabi Grand Prix,bottas,Ultra soft,21,Super soft,34,,,,,,,,,55
2016,Australian Grand Prix,rosberg,Super soft,12,Soft,6,Medium,39,,,,,,,57
2016,Australian Grand Prix,hamilton,Super soft,16,Medium,2,Medium,39,,,,,,,57
2016,Australian Grand Prix,vettel,Super soft,13,Super soft,5,Super soft,17,Soft,22,,,,,57
2016,Australian Grand Prix,ricciardo,Super soft,12,Super soft,6,Soft,24,Super soft,15,,,,,57
2016,Australian Grand Prix,massa,Super soft,11,Soft,7,Medium,39,,,,,,,57
2016,Australian Grand Prix,grosjean,Soft,18,Medium,39,,,,,,,,,57
2016,Australian Grand Prix,hulkenberg,Soft,16,Medium,2,Medium,39,,,,,,,57
2016,Australian Grand Prix,bottas,Soft,17,Medium,2,Medium,39,,,,,,,58
2016,Australian Grand Prix,sainz,Super soft,8,Soft,10,Soft,13,Medium,26,,,,,57
2016,Australian Grand Prix,verstappen,Super soft,13,Soft,5,Soft,14,Medium,25,,,,,57
2016,Australian Grand Prix,palmer,Super soft,12,Soft,6,Medium,39,,,,,,,57
2016,Australian Grand Prix,magnussen,Super soft,1,Soft,17,Medium,39,,,,,,,57
2016,Australian Grand Prix,perez,Soft,16,Medium,2,Medium,39,,,,,,,57
2016,Australian Grand Prix,button,Soft,15,Soft,3,Super soft,12,Medium,26,,,,,56
2016,Australian Grand Prix,nasr,Super soft,10,Soft,8,Medium,38,,,,,,,56
2016,Australian Grand Prix,wehrlein,Super soft,11,Soft,7,Soft,14,Medium,24,,,,,56
2016,Australian Grand Prix,ericsson,Super soft,11,Soft,7,Medium,20,,,,,,,38
2016,Australian Grand Prix,raikkonen,Super soft,16,Super soft,5,,,,,,,,,21
2016,Australian Grand Prix,haryanto,Super soft,12,Soft,5,,,,,,,,,17
2016,Australian Grand Prix,gutierrez,Soft,,,,,,,,,,,,0
2016,Australian Grand Prix,alonso,Super soft,12,Soft,4,,,,,,,,,16
2016,Australian Grand Prix,kvyat,,,,,,,,,,,,,
2017,Australian Grand Prix,vettel,Ultra soft,23,Soft,34,,,,,,,,,57
2017,Australian Grand Prix,hamilton,Ultra soft,17,Soft,40,,,,,,,,,57
2017,Australian Grand Prix,bottas,Ultra soft,25,Soft,32,,,,,,,,,57
2017,Australian Grand Prix,raikkonen,Ultra soft,26,Soft,31,,,,,,,,,57
2017,Australian Grand Prix,verstappen,Ultra soft,25,Super soft,32,,,,,,,,,57
2017,Australian Grand Prix,massa,Ultra soft,20,Super soft,37,,,,,,,,,57
2017,Australian Grand Prix,perez,Ultra soft,17,Soft,39,,,,,,,,,56
2017,Australian Grand Prix,sainz,Ultra soft,18,Soft,38,,,,,,,,,56
2017,Australian Grand Prix,kvyat,Ultra soft,34,Super soft,15,Ultra soft,7,,,,,,,56
2017,Australian Grand Prix,ocon,Ultra soft,15,Soft,41,,,,,,,,,56
2017,Australian Grand Prix,hulkenberg,Ultra soft,16,Soft,14,Ultra soft,26,,,,,,,56
2017,Australian Grand Prix,giovinazzi,Soft,15,Super soft,40,,,,,,,,,55
2017,Australian Grand Prix,vandoorne,Ultra soft,9,Soft,46,,,,,,,,,55
2017,Australian Grand Prix,alonso,Ultra soft,16,Super soft,34,,,,,,,,,50
2017,Australian Grand Prix,magnussen,Soft,1,Super soft,43,Ultra soft,2,,,,,,,46
2017,Australian Grand Prix,stroll,Super soft,5,Ultra soft,24,Ultra soft,11,,,,,,,40
2017,Australian Grand Prix,ricciardo,Ultra soft,25,,,,,,,,,,,25
2017,Australian Grand Prix,ericsson,Super soft,21,,,,,,,,,,,21
2017,Australian Grand Prix,palmer,Soft,15,,,,,,,,,,,15
2017,Australian Grand Prix,grosjean,Ultra soft,13,,,,,,,,,,,13
2016,Austrian Grand Prix,hamilton,Ultra soft,21,Soft,33,Soft,17,,,,,,,71
2016,Austrian Grand Prix,verstappen,Super soft,15,Soft,56,,,,,,,,,71
2016,Austrian Grand Prix,raikkonen,Super soft,22,Soft,49,,,,,,,,,71
2016,Austrian Grand Prix,rosberg,Ultra soft,10,Soft,45,Super soft,16,,,,,,,71
2016,Austrian Grand Prix,ricciardo,Super soft,14,Soft,46,Ultra soft,11,,,,,,,71
2016,Austrian Grand Prix,button,Ultra soft,9,Soft,17,Soft,45,,,,,,,71
2016,Austrian Grand Prix,grosjean,Super soft,26,Soft,45,,,,,,,,,71
2016,Austrian Grand Prix,sainz,Super soft,9,Soft,19,Soft,43,,,,,,,71
2016,Austrian Grand Prix,bottas,Ultra soft,9,Soft,42,Super soft,19,,,,,,,70
2016,Austrian Grand Prix,wehrlein,Ultra soft,13,Ultra soft,10,Soft,47,,,,,,,70
2016,Austrian Grand Prix,gutierrez,Super soft,21,Super soft,20,Soft,29,,,,,,,70
2016,Austrian Grand Prix,palmer,Super soft,12,Soft,38,Super soft,20,,,,,,,70
2016,Austrian Grand Prix,nasr,Soft,43,Super soft,27,,,,,,,,,70
2016,Austrian Grand Prix,magnussen,Super soft,11,Soft,38,Super soft,21,,,,,,,70
2016,Austrian Grand Prix,ericsson,Super soft,12,Soft,38,Super soft,20,,,,,,,70
2016,Austrian Grand Prix,haryanto,Soft,27,Super soft,23,Super soft,20,,,,,,,70
2016,Austrian Grand Prix,perez,Ultra soft,9,Super soft,17,Soft,43,,,,,,,69
2016,Austrian Grand Prix,alonso,Super soft,8,Soft,18,Soft,38,,,,,,,64
2016,Austrian Grand Prix,hulkenberg,Ultra soft,8,Super soft,16,Soft,26,Ultra soft,14,,,,,64
2016,Austrian Grand Prix,massa,Super soft,12,Soft,44,Super soft,7,,,,,,,63
2016,Austrian Grand Prix,vettel,Super soft,,,,,,,,,,,,0
2016,Austrian Grand Prix,kvyat,Ultra soft,,,,,,,,,,,,0
2017,Austrian Grand Prix,bottas,Ultra soft,41,Super soft,30,,,,,,,,,71
2017,Austrian Grand Prix,vettel,Ultra soft,34,Super soft,37,,,,,,,,,71
2017,Austrian Grand Prix,ricciardo,Ultra soft,33,Super soft,38,,,,,,,,,71
2017,Austrian Grand Prix,hamilton,Super soft,31,Ultra soft,40,,,,,,,,,71
2017,Austrian Grand Prix,raikkonen,Ultra soft,44,Super soft,27,,,,,,,,,71
2017,Austrian Grand Prix,grosjean,Ultra soft,36,Super soft,35,,,,,,,,,71
2017,Austrian Grand Prix,perez,Ultra soft,35,Super soft,35,,,,,,,,,70
2017,Austrian Grand Prix,ocon,Ultra soft,42,Super soft,28,,,,,,,,,70
2017,Austrian Grand Prix,massa,Soft,47,Ultra soft,23,,,,,,,,,70
2017,Austrian Grand Prix,stroll,Super soft,35,Ultra soft,35,,,,,,,,,70
2017,Austrian Grand Prix,palmer,Soft,34,Ultra soft,36,,,,,,,,,70
2017,Austrian Grand Prix,vandoorne,Ultra soft,31,Super soft,39,,,,,,,,,70
2017,Austrian Grand Prix,hulkenberg,Super soft,14,Soft,56,,,,,,,,,70
2017,Austrian Grand Prix,wehrlein,Super soft,35,Ultra soft,35,,,,,,,,,70
2017,Austrian Grand Prix,ericsson,Ultra soft,34,Super soft,35,,,,,,,,,69
2017,Austrian Grand Prix,kvyat,Ultra soft,1,Soft,54,Soft,13,,,,,,,68
2017,Austrian Grand Prix,sainz,Ultra soft,40,Super soft,,,,,,,,,,40
2017,Austrian Grand Prix,magnussen,Super soft,,,,,,,,,,,,0
2017,Austrian Grand Prix,alonso,Ultra soft,,,,,,,,,,,,0
2017,Austrian Grand Prix,verstappen,Ultra soft,,,,,,,,,,,,0
2016,Azerbaijan Grand Prix,rosberg,Super soft,21,Soft,30,,,,,,,,,51
2016,Azerbaijan Grand Prix,vettel,Super soft,20,Soft,31,,,,,,,,,51
2016,Azerbaijan Grand Prix,perez,Super soft,16,Soft,35,,,,,,,,,51
2016,Azerbaijan Grand Prix,raikkonen,Super soft,8,Soft,43,,,,,,,,,51
2016,Azerbaijan Grand Prix,hamilton,Super soft,15,Soft,36,,,,,,,,,51
2016,Azerbaijan Grand Prix,bottas,Super soft,19,Soft,32,,,,,,,,,51
2016,Azerbaijan Grand Prix,ricciardo,Super soft,6,Soft,16,Medium,29,,,,,,,51
2016,Azerbaijan Grand Prix,verstappen,Super soft,5,Soft,15,Medium,31,,,,,,,51
2016,Azerbaijan Grand Prix,hulkenberg,Soft,20,Super soft,31,,,,,,,,,51
2016,Azerbaijan Grand Prix,massa,Super soft,7,Soft,21,Soft,23,,,,,,,51
2016,Azerbaijan Grand Prix,button,Super soft,6,Soft,19,Soft,26,,,,,,,51
2016,Azerbaijan Grand Prix,nasr,Super soft,7,Soft,17,Soft,26,,,,,,,50
2016,Azerbaijan Grand Prix,grosjean,Super soft,10,Soft,16,Medium,24,,,,,,,50
2016,Azerbaijan Grand Prix,magnussen,Super soft,6,Soft,44,,,,,,,,,50
2016,Azerbaijan Grand Prix,palmer,Super soft,11,Soft,20,Super soft,19,,,,,,,50
2016,Azerbaijan Grand Prix,gutierrez,Super soft,8,Soft,21,Super soft,21,,,,,,,50
2016,Azerbaijan Grand Prix,ericsson,Soft,16,Super soft,9,Soft,25,,,,,,,50
2016,Azerbaijan Grand Prix,haryanto,Super soft,1,Soft,48,,,,,,,,,49
2016,Azerbaijan Grand Prix,alonso,Super soft,5,Soft,19,Soft,,,,,,,,24
2016,Azerbaijan Grand Prix,wehrlein,Soft,29,Medium,,,,,,,,,,29
2016,Azerbaijan Grand Prix,sainz,Super soft,4,Soft,23,Super soft,,,,,,,,27
2016,Azerbaijan Grand Prix,kvyat,Super soft,5,Soft,,,,,,,,,,5
2017,Azerbaijan Grand Prix,ricciardo,Super soft,5,Soft,8,Super soft,9,Super soft,29,,,,,51
2017,Azerbaijan Grand Prix,bottas,Super soft,1,Soft,10,Super soft,11,Super soft,29,,,,,51
2017,Azerbaijan Grand Prix,stroll,Super soft,13,Soft,9,Super soft,29,,,,,,,51
2017,Azerbaijan Grand Prix,vettel,Super soft,12,Soft,10,Super soft,11,,,,,,,33
2017,Azerbaijan Grand Prix,hamilton,Super soft,12,Soft,10,Super soft,9,,,,,,,31
2017,Azerbaijan Grand Prix,ocon,Super soft,12,Soft,8,Super soft,2,Super soft,29,,,,,51
2017,Azerbaijan Grand Prix,magnussen,Super soft,12,Soft,10,Super soft,29,,,,,,,51
2017,Azerbaijan Grand Prix,sainz,Super soft,12,Soft,10,Super soft,29,,,,,,,51
2017,Azerbaijan Grand Prix,alonso,Super soft,12,Soft,10,Super soft,29,,,,,,,51
2017,Azerbaijan Grand Prix,wehrlein,Super soft,12,Soft,1,Super soft,4,Super soft,4,,,,,21
2017,Azerbaijan Grand Prix,ericsson,Soft,12,Super soft,5,Super soft,5,,,,,,,22
2017,Azerbaijan Grand Prix,vandoorne,Soft,5,Super soft,17,Super soft,11,Super soft,18,,,,,51
2017,Azerbaijan Grand Prix,grosjean,Soft,3,Super soft,11,Super soft,8,Super soft,14,,14,,,50
2017,Azerbaijan Grand Prix,raikkonen,Super soft,12,Soft,8,Super soft,,,,,,,,20
2017,Azerbaijan Grand Prix,perez,Super soft,12,Soft,8,Super soft,,,,,,,,20
2017,Azerbaijan Grand Prix,massa,Super soft,12,Soft,10,Super soft,,,,,,,,22
2017,Azerbaijan Grand Prix,hulkenberg,Super soft,13,Soft,9,Super soft,,,,,,,,22
2017,Azerbaijan Grand Prix,verstappen,Super soft,,,,,,,,,,,,0
2017,Azerbaijan Grand Prix,kvyat,Super soft,,,,,,,,,,,,0
2017,Azerbaijan Grand Prix,palmer,Super soft,,,,,,,,,,,,0
2016,Bahrain Grand Prix,rosberg,Super soft,13,Soft,17,Super soft,9,Soft,18,,,,,57
2016,Bahrain Grand Prix,raikkonen,Super soft,12,Soft,17,Super soft,8,Soft,20,,,,,57
2016,Bahrain Grand Prix,hamilton,Super soft,13,Medium,15,Super soft,13,Soft,16,,,,,57
2016,Bahrain Grand Prix,ricciardo,Super soft,6,Soft,18,Soft,18,Medium,15,,,,,57
2016,Bahrain Grand Prix,grosjean,Super soft,11,Super soft,16,Super soft,13,Soft,17,,,,,57
2016,Bahrain Grand Prix,verstappen,Super soft,10,Soft,16,Medium,20,Super soft,11,,,,,57
2016,Bahrain Grand Prix,kvyat,Soft,16,Soft,18,Super soft,10,Super soft,12,,,,,56
2016,Bahrain Grand Prix,massa,Super soft,7,Medium,22,Medium,27,,,,,,,56
2016,Bahrain Grand Prix,bottas,Super soft,8,Medium,26,Soft,22,,,,,,,56
2016,Bahrain Grand Prix,vandoorne,Super soft,9,Soft,16,Soft,16,Super soft,15,,,,,56
2016,Bahrain Grand Prix,magnussen,Soft,12,Super soft,12,Super soft,14,Super soft,18,,,,,56
2016,Bahrain Grand Prix,ericsson,Soft,13,Soft,16,Medium,27,,,,,,,56
2016,Bahrain Grand Prix,wehrlein,Soft,11,Soft,18,Super soft,12,Super soft,15,,,,,56
2016,Bahrain Grand Prix,nasr,Soft,10,Soft,20,Medium,17,Super soft,9,,,,,56
2016,Bahrain Grand Prix,hulkenberg,Super soft,1,Soft,15,Medium,19,Super soft,16,Super soft,5,,,56
2016,Bahrain Grand Prix,perez,Super soft,2,Super soft,12,Soft,23,Super soft,19,,,,,56
2016,Bahrain Grand Prix,haryanto,Soft,12,Soft,19,Medium,13,Super soft,12,,,,,56
2016,Bahrain Grand Prix,sainz,Soft,2,Medium,18,Soft,,,,,,,,20
2016,Bahrain Grand Prix,gutierrez,Super soft,8,Super soft,,,,,,,,,,8
2016,Bahrain Grand Prix,button,Super soft,,,,,,,,,,,,
2016,Bahrain Grand Prix,vettel,,,,,,,,,,,,,
2016,Bahrain Grand Prix,palmer,,,,,,,,,,,,,
2017,Bahrain Grand Prix,vettel,Super soft,10,Super soft,23,Soft,24,,,,,,,57
2017,Bahrain Grand Prix,hamilton,Super soft,13,Soft,28,Soft,16,,,,,,,57
2017,Bahrain Grand Prix,bottas,Super soft,13,Super soft,17,Soft,27,,,,,,,57
2017,Bahrain Grand Prix,raikkonen,Super soft,12,Super soft,25,Soft,20,,,,,,,57
2017,Bahrain Grand Prix,ricciardo,Super soft,13,Soft,26,Super soft,18,,,,,,,57
2017,Bahrain Grand Prix,massa,Super soft,13,Soft,24,Soft,20,,,,,,,57
2017,Bahrain Grand Prix,perez,Super soft,13,Super soft,23,Soft,21,,,,,,,57
2017,Bahrain Grand Prix,grosjean,Super soft,12,Super soft,19,Soft,26,,,,,,,57
2017,Bahrain Grand Prix,hulkenberg,Super soft,13,Soft,23,Super soft,21,,,,,,,57
2017,Bahrain Grand Prix,ocon,Super soft,11,Super soft,26,Soft,20,,,,,,,57
2017,Bahrain Grand Prix,wehrlein,Super soft,11,Soft,45,,,,,,,,,56
2017,Bahrain Grand Prix,kvyat,Super soft,13,Soft,28,Super soft,15,,,,,,,56
2017,Bahrain Grand Prix,palmer,Super soft,13,Soft,24,Super soft,19,,,,,,,56
2017,Bahrain Grand Prix,alonso,Super soft,13,Soft,23,Super soft,18,,,,,,,54
2017,Bahrain Grand Prix,ericsson,Soft,33,Super soft,,,,,,,,,,33
2017,Bahrain Grand Prix,sainz,Super soft,12,Super soft,,,,,,,,,,12
2017,Bahrain Grand Prix,stroll,Super soft,8,Soft,,,,,,,,,,8
2017,Bahrain Grand Prix,verstappen,Super soft,,,,,,,,,,,,0
2017,Bahrain Grand Prix,magnussen,Super soft,,,,,,,,,,,,0
2017,Bahrain Grand Prix,vandoorne,,,,,,,,,,,,,0
2016,Belgian Grand Prix,rosberg,Soft,9,Medium,17,Medium,18,,,,,,,44
2016,Belgian Grand Prix,ricciardo,Soft,9,Soft,16,Medium,19,,,,,,,44
2016,Belgian Grand Prix,hamilton,Medium,9,Soft,12,Soft,11,Medium,12,,,,,44
2016,Belgian Grand Prix,hulkenberg,Super soft,6,Soft,3,Medium,14,,,,,,,23
2016,Belgian Grand Prix,perez,Super soft,6,Soft,18,Medium,20,,,,,,,44
2016,Belgian Grand Prix,vettel,Soft,1,Soft,22,Soft,21,,,,,,,44
2016,Belgian Grand Prix,alonso,Medium,9,Soft,14,Medium,21,,,,,,,44
2016,Belgian Grand Prix,bottas,Super soft,7,Soft,16,Medium,21,,,,,,,44
2016,Belgian Grand Prix,raikkonen,Soft,1,Super soft,4,Soft,19,Medium,20,,,,,44
2016,Belgian Grand Prix,massa,Super soft,2,Soft,20,Medium,22,,,,,,,44
2016,Belgian Grand Prix,verstappen,Super soft,1,Medium,15,Soft,11,Soft,17,,,,,44
2016,Belgian Grand Prix,gutierrez,Soft,7,Soft,15,Medium,22,,,,,,,44
2016,Belgian Grand Prix,grosjean,Soft,6,Soft,17,Medium,21,,,,,,,44
2016,Belgian Grand Prix,kvyat,Soft,9,Soft,21,Medium,14,Super soft,9,,,,,53
2016,Belgian Grand Prix,palmer,Soft,6,Soft,16,Medium,12,Super soft,10,,,,,44
2016,Belgian Grand Prix,ocon,Soft,6,Medium,18,Medium,19,,,,,,,43
2016,Belgian Grand Prix,nasr,Soft,1,Medium,8,Soft,14,Medium,20,,,,,43
2016,Belgian Grand Prix,magnussen,Soft,5,,,,,,,,,,,5
2016,Belgian Grand Prix,ericsson,Soft,3,,,,,,,,,,,3
2016,Belgian Grand Prix,sainz,Soft,1,,,,,,,,,,,1
2016,Belgian Grand Prix,button,Super soft,1,,,,,,,,,,,1
2016,Belgian Grand Prix,wehrlein,,,,,,,,,,,,,0
2017,Belgian Grand Prix,hamilton,Ultra soft,12,Soft,18,Soft,14,,,,,,,44
2017,Belgian Grand Prix,vettel,Ultra soft,14,Soft,16,Ultra soft,14,,,,,,,44
2017,Belgian Grand Prix,ricciardo,Ultra soft,14,Super soft,16,Ultra soft,14,,,,,,,44
2017,Belgian Grand Prix,raikkonen,Ultra soft,15,Soft,14,Ultra soft,15,,,,,,,44
2017,Belgian Grand Prix,bottas,Ultra soft,13,Soft,17,Soft,14,,,,,,,44
2017,Belgian Grand Prix,hulkenberg,Ultra soft,11,Soft,18,Ultra soft,15,,,,,,,44
2017,Belgian Grand Prix,grosjean,Ultra soft,10,Soft,19,Super soft,15,,,,,,,44
2017,Belgian Grand Prix,massa,Super soft,11,Soft,18,Ultra soft,15,,,,,,,44
2017,Belgian Grand Prix,ocon,Ultra soft,10,Super soft,17,Super soft,2,Ultra soft,15,,,,,44
2017,Belgian Grand Prix,sainz,Ultra soft,19,Soft,10,Super soft,15,,,,,,,44
2017,Belgian Grand Prix,stroll,Super soft,9,Soft,20,Ultra soft,15,,,,,,,44
2017,Belgian Grand Prix,kvyat,Super soft,18,Ultra soft,12,Ultra soft,14,,,,,,,44
2017,Belgian Grand Prix,palmer,Ultra soft,8,Soft,22,Ultra soft,14,,,,,,,44
2017,Belgian Grand Prix,vandoorne,Super soft,18,Ultra soft,12,Ultra soft,14,,,,,,,44
2017,Belgian Grand Prix,magnussen,Ultra soft,9,Soft,21,Super soft,4,Ultra soft,10,,,,,44
2017,Belgian Grand Prix,ericsson,Super soft,8,Soft,15,Soft,6,Ultra soft,15,,,,,44
2017,Belgian Grand Prix,perez,Ultra soft,12,Super soft,13,Super soft,4,Ultra soft,,,,,,29
2017,Belgian Grand Prix,alonso,Ultra soft,10,Soft,15,,,,,,,,,25
2017,Belgian Grand Prix,verstappen,Ultra soft,7,,,,,,,,,,,7
2017,Belgian Grand Prix,wehrlein,Soft,2,,,,,,,,,,,2
2016,Brazilian Grand Prix,hamilton,Wet,20,Wet,8,Wet,43,,,,,,,71
2016,Brazilian Grand Prix,rosberg,Wet,20,Wet,8,Wet,43,,,,,,,71
2016,Brazilian Grand Prix,verstappen,Wet,13,Intermediate,7,Wet,8,Wet,15,Intermediate,11,Wet,17,71
2016,Brazilian Grand Prix,perez,Wet,20,Wet,8,Wet,43,,,,,,,71
2016,Brazilian Grand Prix,vettel,Wet,10,Intermediate,10,Wet,8,Wet,43,,,,,71
2016,Brazilian Grand Prix,sainz,Wet,20,Wet,8,Wet,43,,,,,,,71
2016,Brazilian Grand Prix,hulkenberg,Wet,20,Wet,2,Wet,6,Wet,43,,,,,71
2016,Brazilian Grand Prix,ricciardo,Wet,13,Intermediate,7,Wet,8,Wet,12,Wet,19,,,40
2016,Brazilian Grand Prix,nasr,Wet,20,Wet,8,Wet,43,,,,,,,71
2016,Brazilian Grand Prix,alonso,Wet,9,Intermediate,11,Wet,8,Wet,43,,,,,71
2016,Brazilian Grand Prix,bottas,Wet,9,Intermediate,11,Wet,8,Wet,10,,,,,38
2016,Brazilian Grand Prix,ocon,Wet,20,Wet,8,Wet,43,,,,,,,71
2016,Brazilian Grand Prix,kvyat,Wet,9,Intermediate,8,Intermediate,3,Wet,8,,,,,28
2016,Brazilian Grand Prix,magnussen,Wet,7,Intermediate,13,Wet,8,Wet,13,,,,,41
2016,Brazilian Grand Prix,wehrlein,Wet,20,Wet,8,Wet,24,Wet,19,,,,,71
2016,Brazilian Grand Prix,button,Wet,8,Intermediate,12,Wet,8,Wet,6,Intermediate,10,Wet,27,61
2016,Brazilian Grand Prix,gutierrez,Wet,12,Intermediate,8,Wet,8,Wet,32,Wet,,,,60
2016,Brazilian Grand Prix,massa,Wet,9,Intermediate,11,Wet,8,Wet,3,Intermediate,,,,31
2016,Brazilian Grand Prix,palmer,Wet,9,Intermediate,8,Wet,,,,,,,,17
2016,Brazilian Grand Prix,raikkonen,Wet,,,,,,,,,,,,0
2016,Brazilian Grand Prix,ericsson,Wet,9,Intermediate,,,,,,,,,,9
2016,Brazilian Grand Prix,grosjean,,,,,,,,,,,,,
2017,Brazilian Grand Prix,vettel,Super soft,28,Soft,43,,,,,,,,,71
2017,Brazilian Grand Prix,bottas,Super soft,27,Soft,44,,,,,,,,,71
2017,Brazilian Grand Prix,raikkonen,Super soft,29,Soft,42,,,,,,,,,71
2017,Brazilian Grand Prix,hamilton,Soft,43,Super soft,28,,,,,,,,,71
2017,Brazilian Grand Prix,verstappen,Super soft,28,Soft,34,Super soft,9,,,,,,,71
2017,Brazilian Grand Prix,ricciardo,Soft,1,Soft,42,Super soft,28,,,,,,,71
2017,Brazilian Grand Prix,massa,Super soft,27,Soft,44,,,,,,,,,71
2017,Brazilian Grand Prix,alonso,Super soft,28,Soft,43,,,,,,,,,71
2017,Brazilian Grand Prix,perez,Super soft,35,Soft,36,,,,,,,,,71
2017,Brazilian Grand Prix,hulkenberg,Super soft,30,Soft,41,,,,,,,,,71
2017,Brazilian Grand Prix,sainz,Super soft,31,Soft,40,,,,,,,,,71
2017,Brazilian Grand Prix,gasly,Soft,44,Super soft,27,,,,,,,,,71
2017,Brazilian Grand Prix,ericsson,Soft,44,Super soft,27,,,,,,,,,71
2017,Brazilian Grand Prix,wehrlein,Super soft,1,Soft,70,,,,,,,,,71
2017,Brazilian Grand Prix,grosjean,Super soft,1,Soft,48,,,,,,,,,49
2017,Brazilian Grand Prix,stroll,Super soft,28,Super soft,39,Super soft,4,,,,,,,71
2017,Brazilian Grand Prix,hartley,Super soft,27,Soft,,,,,,,,,,27
2017,Brazilian Grand Prix,ocon,Super soft,,,,,,,,,,,,0
2017,Brazilian Grand Prix,vandoorne,Super soft,,,,,,,,,,,,0
2017,Brazilian Grand Prix,magnussen,Super soft,,,,,,,,,,,,0
2016,British Grand Prix,hamilton,Wet,7,Intermediate,10,Medium,35,,,,,,,52
2016,British Grand Prix,rosberg,Wet,7,Intermediate,10,Medium,35,,,,,,,52
2016,British Grand Prix,verstappen,Wet,7,Intermediate,11,Medium,34,,,,,,,52
2016,British Grand Prix,ricciardo,Wet,6,Intermediate,11,Medium,35,,,,,,,52
2016,British Grand Prix,raikkonen,Wet,5,Intermediate,11,Medium,36,,,,,,,52
2016,British Grand Prix,perez,Wet,7,Intermediate,10,Medium,35,,,,,,,52
2016,British Grand Prix,hulkenberg,Wet,5,Intermediate,12,Medium,35,,,,,,,52
2016,British Grand Prix,sainz,Wet,5,Intermediate,12,Medium,35,,,,,,,52
2016,British Grand Prix,vettel,Wet,5,Intermediate,10,Medium,37,,,,,,,52
2016,British Grand Prix,kvyat,Wet,6,Intermediate,10,Medium,36,,,,,,,52
2016,British Grand Prix,massa,Wet,6,Intermediate,10,Medium,22,Soft,13,,,,,51
2016,British Grand Prix,button,Wet,6,Intermediate,11,Medium,34,,,,,,,51
2016,British Grand Prix,alonso,Wet,5,Intermediate,12,Medium,22,Medium,12,,,,,51
2016,British Grand Prix,bottas,Wet,5,Intermediate,11,Medium,35,,,,,,,51
2016,British Grand Prix,nasr,Wet,7,Intermediate,9,Medium,35,,,,,,,51
2016,British Grand Prix,gutierrez,Wet,5,Intermediate,12,Medium,34,,,,,,,51
2016,British Grand Prix,magnussen,Wet,5,Intermediate,12,Medium,23,Soft,,,,,,40
2016,British Grand Prix,palmer,Wet,6,Intermediate,10,Medium,3,Medium,,,,,,19
2016,British Grand Prix,haryanto,Wet,6,Intermediate,11,Medium,,,,,,,,17
2016,British Grand Prix,grosjean,Wet,5,Intermediate,11,Medium,,,,,,,,16
2016,British Grand Prix,ericsson,Wet,7,Intermediate,3,Intermediate,,,,,,,,10
2016,British Grand Prix,wehrlein,Wet,5,Intermediate,,,,,,,,,,5
2017,British Grand Prix,hamilton,Super soft,25,Soft,26,,,,,,,,,51
2017,British Grand Prix,bottas,Soft,32,Super soft,19,,,,,,,,,51
2017,British Grand Prix,raikkonen,Super soft,24,Soft,25,Super soft,2,,,,,,,51
2017,British Grand Prix,verstappen,Super soft,19,Soft,30,Super soft,2,,,,,,,51
2017,British Grand Prix,ricciardo,Super soft,32,Soft,19,,,,,,,,,51
2017,British Grand Prix,hulkenberg,Super soft,24,Soft,27,,,,,,,,,51
2017,British Grand Prix,vettel,Super soft,18,Soft,32,Super soft,1,,,,,,,51
2017,British Grand Prix,ocon,Super soft,20,Soft,30,,,,,,,,,50
2017,British Grand Prix,perez,Super soft,23,Soft,27,,,,,,,,,50
2017,British Grand Prix,massa,Soft,25,Super soft,25,,,,,,,,,50
2017,British Grand Prix,vandoorne,Super soft,26,Soft,24,,,,,,,,,50
2017,British Grand Prix,magnussen,Soft,37,Super soft,13,,,,,,,,,50
2017,British Grand Prix,grosjean,Super soft,23,Soft,20,Super soft,7,,,,,,,50
2017,British Grand Prix,ericsson,Soft,28,Super soft,22,,,,,,,,,50
2017,British Grand Prix,kvyat,Super soft,1,Soft,26,Super soft,23,,,,,,,50
2017,British Grand Prix,stroll,Soft,22,Super soft,20,Super soft,8,,,,,,,50
2017,British Grand Prix,wehrlein,Soft,2,Medium,1,Soft,28,Super soft,19,,,,,50
2017,British Grand Prix,alonso,Super soft,20,Soft,,,,,,,,,,20
2017,British Grand Prix,sainz,Super soft,,,,,,,,,,,,0
2017,British Grand Prix,palmer,Super soft,,,,,,,,,,,,0
2016,Canadian Grand Prix,hamilton,Ultra soft,24,Soft,46,,,,,,,,,70
2016,Canadian Grand Prix,vettel,Ultra soft,11,Super soft,26,Soft,33,,,,,,,70
2016,Canadian Grand Prix,bottas,Ultra soft,23,Soft,47,,,,,,,,,70
2016,Canadian Grand Prix,verstappen,Ultra soft,20,Soft,26,Ultra soft,24,,,,,,,70
2016,Canadian Grand Prix,rosberg,Ultra soft,21,Soft,30,Soft,19,,,,,,,70
2016,Canadian Grand Prix,raikkonen,Ultra soft,11,Super soft,22,Soft,37,,,,,,,70
2016,Canadian Grand Prix,ricciardo,Ultra soft,21,Soft,17,Soft,32,,,,,,,70
2016,Canadian Grand Prix,hulkenberg,Ultra soft,21,Soft,30,Soft,18,,,,,,,69
2016,Canadian Grand Prix,sainz,Ultra soft,13,Soft,35,Ultra soft,21,,,,,,,69
2016,Canadian Grand Prix,perez,Soft,30,Super soft,16,Soft,23,,,,,,,69
2016,Canadian Grand Prix,alonso,Ultra soft,17,Soft,52,,,,,,,,,69
2016,Canadian Grand Prix,kvyat,Ultra soft,17,Soft,27,Ultra soft,25,,,,,,,69
2016,Canadian Grand Prix,gutierrez,Ultra soft,13,Soft,28,Ultra soft,27,,,,,,,68
2016,Canadian Grand Prix,grosjean,Ultra soft,17,Soft,22,Ultra soft,7,Ultra soft,22,,,,,68
2016,Canadian Grand Prix,ericsson,Ultra soft,14,Soft,25,Soft,29,,,,,,,68
2016,Canadian Grand Prix,magnussen,Soft,39,Ultra soft,29,,,,,,,,,68
2016,Canadian Grand Prix,wehrlein,Ultra soft,11,Soft,27,Soft,30,,,,,,,68
2016,Canadian Grand Prix,nasr,Ultra soft,9,Soft,26,Soft,33,,,,,,,68
2016,Canadian Grand Prix,haryanto,Super soft,15,Soft,29,Soft,24,,,,,,,68
2016,Canadian Grand Prix,massa,Ultra soft,22,Soft,,,,,,,,,,22
2016,Canadian Grand Prix,palmer,Ultra soft,,,,,,,,,,,,0
2016,Canadian Grand Prix,button,Super soft,,,,,,,,,,,,0
2017,Canadian Grand Prix,hamilton,Ultra soft,32,Super soft,38,,,,,,,,,70
2017,Canadian Grand Prix,bottas,Ultra soft,23,Soft,47,,,,,,,,,70
2017,Canadian Grand Prix,ricciardo,Ultra soft,18,Soft,52,,,,,,,,,70
2017,Canadian Grand Prix,vettel,Ultra soft,5,Super soft,44,Ultra soft,21,,,,,,,70
2017,Canadian Grand Prix,perez,Ultra soft,19,Super soft,51,,,,,,,,,70
2017,Canadian Grand Prix,ocon,Ultra soft,32,Super soft,38,,,,,,,,,70
2017,Canadian Grand Prix,raikkonen,Ultra soft,17,Super soft,24,Ultra soft,29,,,,,,,70
2017,Canadian Grand Prix,hulkenberg,Ultra soft,11,Super soft,59,,,,,,,,,70
2017,Canadian Grand Prix,stroll,Ultra soft,25,Super soft,44,,,,,,,,,69
2017,Canadian Grand Prix,grosjean,Ultra soft,1,Super soft,68,,,,,,,,,69
2017,Canadian Grand Prix,palmer,Ultra soft,11,Super soft,58,,,,,,,,,69
2017,Canadian Grand Prix,magnussen,Super soft,46,Ultra soft,23,,,,,,,,,69
2017,Canadian Grand Prix,ericsson,Ultra soft,11,Super soft,58,,,,,,,,,69
2017,Canadian Grand Prix,vandoorne,Ultra soft,45,Super soft,24,,,,,,,,,69
2017,Canadian Grand Prix,wehrlein,Super soft,1,Ultra soft,39,Ultra soft,28,,,,,,,68
2017,Canadian Grand Prix,alonso,Ultra soft,42,Super soft,24,,,,,,,,,66
2017,Canadian Grand Prix,kvyat,Ultra soft,15,Ultra soft,38,Soft,,,,,,,,53
2017,Canadian Grand Prix,verstappen,Ultra soft,,,,,,,,,,,,0
2017,Canadian Grand Prix,massa,Ultra soft,,,,,,,,,,,,0
2017,Canadian Grand Prix,sainz,Ultra soft,,,,,,,,,,,,0
2016,Chinese Grand Prix,sainz,Super soft,4,Soft,15,Soft,14,Medium,23,,,,,56
2016,Chinese Grand Prix,ricciardo,Super soft,3,Soft,16,Soft,18,Medium,19,,,,,56
2016,Chinese Grand Prix,kvyat,Super soft,4,Soft,15,Soft,16,Medium,21,,,,,56
2016,Chinese Grand Prix,gutierrez,Soft,19,Soft,15,Super soft,9,Super soft,12,,,,,55
2016,Chinese Grand Prix,massa,Soft,19,Soft,12,Medium,25,,,,,,,56
2016,Chinese Grand Prix,nasr,Soft,1,Medium,19,Medium,20,Soft,15,,,,,55
2016,Chinese Grand Prix,alonso,Soft,16,Medium,16,Medium,24,,,,,,,56
2016,Chinese Grand Prix,button,Super soft,4,Medium,23,Medium,17,Super soft,12,,,,,56
2016,Chinese Grand Prix,palmer,Soft,15,Super soft,9,Soft,14,Medium,17,,,,,55
2016,Chinese Grand Prix,magnussen,Super soft,4,Soft,16,Soft,15,Medium,20,,,,,55
2016,Chinese Grand Prix,raikkonen,Super soft,1,Soft,13,Medium,23,Soft,19,,,,,56
2016,Chinese Grand Prix,hamilton,Soft,1,Soft,4,Super soft,1,Soft,15,Soft,9,Medium,26,56
2016,Chinese Grand Prix,ericsson,Soft,4,Medium,24,Medium,27,,,,,,,55
2016,Chinese Grand Prix,verstappen,Super soft,4,Soft,16,Medium,19,Soft,17,,,,,56
2016,Chinese Grand Prix,hulkenberg,Super soft,4,Soft,13,Soft,9,Medium,20,Super soft,9,,,55
2016,Chinese Grand Prix,rosberg,Soft,20,Soft,16,Medium,20,,,,,,,56
2016,Chinese Grand Prix,wehrlein,Soft,15,Soft,12,Soft,16,Super soft,12,,,,,55
2016,Chinese Grand Prix,haryanto,Soft,18,Soft,10,Soft,12,Medium,15,,,,,55
2016,Chinese Grand Prix,grosjean,Soft,1,Soft,19,Soft,13,Super soft,11,Super soft,11,,,55
2016,Chinese Grand Prix,vettel,Super soft,4,Super soft,13,Soft,18,Soft,21,,,,,56
2016,Chinese Grand Prix,perez,Super soft,4,Soft,14,Soft,10,Medium,28,,,,,56
2016,Chinese Grand Prix,bottas,Super soft,4,Soft,17,Soft,9,Medium,26,,,,,56
2017,Chinese Grand Prix,hamilton,Wet,4,Soft,32,Soft,20,,,,,,,
2017,Chinese Grand Prix,vettel,Wet,2,Soft,32,Soft,22,,,,,,,
2017,Chinese Grand Prix,verstappen,Wet,4,Super soft,25,Super soft,27,,,,,,,
2017,Chinese Grand Prix,ricciardo,Wet,4,Super soft,29,Super soft,23,,,,,,,
2017,Chinese Grand Prix,raikkonen,Wet,4,Soft,35,Super soft,17,,,,,,,
2017,Chinese Grand Prix,bottas,Wet,4,Soft,31,Soft,21,,,,,,,
2017,Chinese Grand Prix,sainz,Soft,28,Super soft,28,,,,,,,,,
2017,Chinese Grand Prix,magnussen,Wet,2,Super soft,30,Super soft,24,,,,,,,
2017,Chinese Grand Prix,perez,Wet,2,Super soft,18,Super soft,29,Super soft,7,,,,,
2017,Chinese Grand Prix,ocon,Wet,2,Soft,40,Super soft,14,,,,,,,
2017,Chinese Grand Prix,grosjean,Wet,2,Super soft,3,Super soft,21,Super soft,21,,,,,
2017,Chinese Grand Prix,hulkenberg,Wet,1,Soft,32,Super soft,23,,,,,,,
2017,Chinese Grand Prix,palmer,Soft,30,Soft,26,Soft,26,,,,,,,
2017,Chinese Grand Prix,massa,Wet,2,Soft,22,Super soft,24,Super soft,8,,,,,
2017,Chinese Grand Prix,ericsson,Wet,2,Soft,54,,,,,,,,,
2017,Chinese Grand Prix,alonso,Wet,2,Soft,,,,,,,,,,
2017,Chinese Grand Prix,kvyat,Wet,2,Soft,,,,,,,,,,
2017,Chinese Grand Prix,vandoorne,Wet,2,Soft,,,,,,,,,,
2017,Chinese Grand Prix,giovinazzi,Wet,2,Soft,,,,,,,,,,
2017,Chinese Grand Prix,stroll,Wet,,,,,,,,,,,,
2016,Hungarian Grand Prix,hamilton,Super soft,16,Soft,25,Soft,29,,,,,,,70
2016,Hungarian Grand Prix,rosberg,Super soft,17,Soft,25,Soft,28,,,,,,,70
2016,Hungarian Grand Prix,ricciardo,Super soft,15,Soft,18,Soft,37,,,,,,,70
2016,Hungarian Grand Prix,vettel,Super soft,14,Soft,27,Soft,29,,,,,,,70
2016,Hungarian Grand Prix,verstappen,Super soft,16,Soft,22,Soft,32,,,,,,,70
2016,Hungarian Grand Prix,raikkonen,Soft,29,Super soft,21,Super soft,20,,,,,,,70
2016,Hungarian Grand Prix,alonso,Super soft,15,Soft,29,Soft,25,,,,,,,69
2016,Hungarian Grand Prix,sainz,Super soft,16,Soft,26,Soft,27,,,,,,,69
2016,Hungarian Grand Prix,bottas,Super soft,16,Soft,27,Soft,26,,,,,,,69
2016,Hungarian Grand Prix,hulkenberg,Super soft,14,Soft,25,Soft,30,,,,,,,69
2016,Hungarian Grand Prix,perez,Soft,27,Medium,13,Soft,29,,,,,,,69
2016,Hungarian Grand Prix,gutierrez,Super soft,15,Soft,22,Soft,32,,,,,,,69
2016,Hungarian Grand Prix,palmer,Soft,26,Super soft,13,Soft,30,,,,,,,69
2016,Hungarian Grand Prix,grosjean,Super soft,14,Soft,22,Soft,33,,,,,,,69
2016,Hungarian Grand Prix,magnussen,Super soft,24,Super soft,12,Soft,33,,,,,,,69
2016,Hungarian Grand Prix,kvyat,Soft,24,Super soft,22,Super soft,23,,,,,,,69
2016,Hungarian Grand Prix,nasr,Super soft,11,Soft,28,Soft,30,,,,,,,69
2016,Hungarian Grand Prix,massa,Soft,25,Medium,40,Super soft,3,,,,,,,68
2016,Hungarian Grand Prix,wehrlein,Super soft,9,Soft,26,Soft,33,,,,,,,68
2016,Hungarian Grand Prix,ericsson,Soft,17,Soft,28,Super soft,17,Super soft,6,,,,,68
2016,Hungarian Grand Prix,haryanto,Soft,29,Medium,39,,,,,,,,,68
2016,Hungarian Grand Prix,button,Super soft,7,Soft,21,Medium,,,,,,,,28
2017,Hungarian Grand Prix,vettel,Super soft,32,Soft,38,,,,,,,,,70
2017,Hungarian Grand Prix,raikkonen,Super soft,33,Soft,37,,,,,,,,,70
2017,Hungarian Grand Prix,bottas,Super soft,30,Soft,40,,,,,,,,,70
2017,Hungarian Grand Prix,hamilton,Super soft,31,Soft,39,,,,,,,,,70
2017,Hungarian Grand Prix,verstappen,Super soft,42,Soft,28,,,,,,,,,70
2017,Hungarian Grand Prix,alonso,Super soft,35,Soft,35,,,,,,,,,70
2017,Hungarian Grand Prix,sainz,Super soft,35,Soft,34,,,,,,,,,69
2017,Hungarian Grand Prix,perez,Super soft,34,Soft,35,,,,,,,,,69
2017,Hungarian Grand Prix,ocon,Super soft,35,Soft,34,,,,,,,,,69
2017,Hungarian Grand Prix,vandoorne,Super soft,42,Soft,27,,,,,,,,,69
2017,Hungarian Grand Prix,magnussen,Super soft,31,Soft,38,,,,,,,,,69
2017,Hungarian Grand Prix,kvyat,Soft,40,Super soft,29,,,,,,,,,69
2017,Hungarian Grand Prix,palmer,Super soft,46,Soft,23,,,,,,,,,69
2017,Hungarian Grand Prix,stroll,Super soft,29,Soft,40,,,,,,,,,69
2017,Hungarian Grand Prix,wehrlein,Super soft,3,Soft,25,Soft,40,,,,,,,68
2017,Hungarian Grand Prix,ericsson,Super soft,1,Soft,62,Super soft,5,,,,,,,68
2017,Hungarian Grand Prix,hulkenberg,Super soft,45,Soft,22,,,,,,,,,67
2017,Hungarian Grand Prix,di resta,Soft,34,Super soft,,,,,,,,,,34
2017,Hungarian Grand Prix,grosjean,Super soft,20,Soft,,,,,,,,,,20
2017,Hungarian Grand Prix,ricciardo,Super soft,,,,,,,,,,,,0
2016,Italian Grand Prix,rosberg,Soft,24,Medium,29,,,,,,,,,53
2016,Italian Grand Prix,hamilton,Soft,25,Medium,28,,,,,,,,,53
2016,Italian Grand Prix,vettel,Super soft,16,Super soft,17,Soft,20,,,,,,,53
2016,Italian Grand Prix,raikkonen,Super soft,15,Super soft,19,Soft,19,,,,,,,53
2016,Italian Grand Prix,ricciardo,Super soft,16,Soft,21,Super soft,16,,,,,,,53
2016,Italian Grand Prix,bottas,Super soft,13,Soft,17,Soft,23,,,,,,,53
2016,Italian Grand Prix,verstappen,Super soft,13,Soft,22,Soft,18,,,,,,,53
2016,Italian Grand Prix,perez,Super soft,15,Soft,13,Soft,25,,,,,,,53
2016,Italian Grand Prix,massa,Soft,16,Soft,20,Super soft,17,,,,,,,53
2016,Italian Grand Prix,hulkenberg,Super soft,14,Soft,19,Soft,20,,,,,,,53
2016,Italian Grand Prix,grosjean,Soft,28,Super soft,24,,,,,,,,,52
2016,Italian Grand Prix,button,Super soft,15,Soft,23,Super soft,14,,,,,,,52
2016,Italian Grand Prix,gutierrez,Super soft,16,Soft,18,Super soft,18,,,,,,,52
2016,Italian Grand Prix,alonso,Super soft,13,Soft,20,Soft,16,Super soft,3,,,,,52
2016,Italian Grand Prix,sainz,Soft,23,Super soft,16,Super soft,13,,,,,,,52
2016,Italian Grand Prix,ericsson,Soft,23,Medium,29,,,,,,,,,52
2016,Italian Grand Prix,magnussen,Super soft,14,Soft,16,Super soft,22,,,,,,,52
2016,Italian Grand Prix,ocon,Medium,32,Soft,19,,,,,,,,,51
2016,Italian Grand Prix,kvyat,Super soft,13,Soft,20,Super soft,,,,,,,,33
2016,Italian Grand Prix,wehrlein,Soft,16,Medium,,,,,,,,,,16
2016,Italian Grand Prix,palmer,Soft,2,Medium,,,,,,,,,,2
2016,Italian Grand Prix,nasr,Soft,2,Medium,2,Soft,1,Soft,,,,,,5
2017,Italian Grand Prix,hamilton,Super soft,32,Soft,21,,,,,,,,,53
2017,Italian Grand Prix,bottas,Super soft,33,Soft,20,,,,,,,,,53
2017,Italian Grand Prix,vettel,Super soft,31,Soft,22,,,,,,,,,53
2017,Italian Grand Prix,ricciardo,Soft,37,Super soft,16,,,,,,,,,53
2017,Italian Grand Prix,raikkonen,Super soft,15,Soft,38,,,,,,,,,53
2017,Italian Grand Prix,ocon,Super soft,16,Soft,37,,,,,,,,,53
2017,Italian Grand Prix,stroll,Super soft,17,Soft,36,,,,,,,,,53
2017,Italian Grand Prix,massa,Super soft,21,Soft,32,,,,,,,,,53
2017,Italian Grand Prix,perez,Super soft,32,Soft,21,,,,,,,,,53
2017,Italian Grand Prix,verstappen,Soft,3,Super soft,24,Super soft,25,,,,,,,52
2017,Italian Grand Prix,magnussen,Super soft,11,Soft,41,,,,,,,,,52
2017,Italian Grand Prix,kvyat,Super soft,19,Soft,33,,,,,,,,,52
2017,Italian Grand Prix,hulkenberg,Super soft,9,Soft,43,,,,,,,,,52
2017,Italian Grand Prix,sainz,Super soft,13,Soft,39,,,,,,,,,52
2017,Italian Grand Prix,grosjean,Super soft,3,Soft,31,Super soft,18,,,,,,,52
2017,Italian Grand Prix,wehrlein,Super soft,20,Soft,31,,,,,,,,,51
2017,Italian Grand Prix,alonso,Soft,30,Super soft,,,,,,,,,,30
2017,Italian Grand Prix,ericsson,Super soft,18,Soft,,,,,,,,,,18
2017,Italian Grand Prix,vandoorne,Super soft,,,,,,,,,,,,0
2017,Italian Grand Prix,palmer,Soft,25,Super soft,,,,,,,,,,25
2016,Japanese Grand Prix,rosberg,Soft,12,Hard,17,Hard,24,,,,,,,53
2016,Japanese Grand Prix,verstappen,Soft,10,Hard,18,Hard,25,,,,,,,53
2016,Japanese Grand Prix,hamilton,Soft,13,Hard,20,Hard,20,,,,,,,53
2016,Japanese Grand Prix,vettel,Soft,12,Hard,22,Soft,19,,,,,,,53
2016,Japanese Grand Prix,raikkonen,Soft,12,Hard,14,Hard,27,,,,,,,53
2016,Japanese Grand Prix,ricciardo,Soft,10,Hard,22,Hard,21,,,,,,,53
2016,Japanese Grand Prix,perez,Soft,12,Hard,17,Medium,24,,,,,,,53
2016,Japanese Grand Prix,hulkenberg,Soft,11,Hard,17,Medium,25,,,,,,,53
2016,Japanese Grand Prix,massa,Medium,24,Hard,29,,,,,,,,,53
2016,Japanese Grand Prix,bottas,Medium,26,Hard,27,,,,,,,,,53
2016,Japanese Grand Prix,grosjean,Soft,10,Hard,20,Hard,23,,,,,,,53
2016,Japanese Grand Prix,palmer,Medium,25,Hard,27,,,,,,,,,52
2016,Japanese Grand Prix,kvyat,Soft,10,Soft,13,Hard,29,,,,,,,52
2016,Japanese Grand Prix,magnussen,Hard,25,Medium,27,,,,,,,,,52
2016,Japanese Grand Prix,ericsson,Medium,26,Hard,26,,,,,,,,,52
2016,Japanese Grand Prix,alonso,Soft,9,Hard,18,Hard,25,,,,,,,52
2016,Japanese Grand Prix,sainz,Soft,13,Hard,24,Soft,15,,,,,,,52
2016,Japanese Grand Prix,button,Hard,19,Soft,17,Soft,16,,,,,,,52
2016,Japanese Grand Prix,nasr,Hard,25,Medium,27,,,,,,,,,52
2016,Japanese Grand Prix,gutierrez,Soft,11,Hard,17,Hard,24,,,,,,,52
2016,Japanese Grand Prix,ocon,Soft,12,Hard,19,Hard,21,,,,,,,52
2016,Japanese Grand Prix,wehrlein,Soft,13,Hard,19,Hard,20,,,,,,,52
2017,Japanese Grand Prix,hamilton,Super soft,22,Soft,31,,,,,,,,,53
2017,Japanese Grand Prix,verstappen,Super soft,21,Soft,32,,,,,,,,,53
2017,Japanese Grand Prix,ricciardo,Super soft,25,Soft,28,,,,,,,,,53
2017,Japanese Grand Prix,bottas,Soft,30,Super soft,23,,,,,,,,,53
2017,Japanese Grand Prix,raikkonen,Soft,28,Super soft,25,,,,,,,,,53
2017,Japanese Grand Prix,ocon,Super soft,20,Soft,33,,,,,,,,,53
2017,Japanese Grand Prix,perez,Super soft,21,Soft,32,,,,,,,,,53
2017,Japanese Grand Prix,magnussen,Super soft,19,Soft,34,,,,,,,,,53
2017,Japanese Grand Prix,grosjean,Super soft,23,Soft,30,,,,,,,,,53
2017,Japanese Grand Prix,massa,Super soft,17,Soft,35,,,,,,,,,52
2017,Japanese Grand Prix,alonso,Super soft,25,Soft,27,,,,,,,,,52
2017,Japanese Grand Prix,palmer,Soft,39,Super soft,13,,,,,,,,,52
2017,Japanese Grand Prix,gasly,Super soft,22,Soft,17,Super soft,13,,,,,,,52
2017,Japanese Grand Prix,vandoorne,Super soft,9,Soft,25,Super soft,18,,,,,,,52
2017,Japanese Grand Prix,wehrlein,Soft,2,Super soft,1,Soft,22,Soft,26,,,,,51
2017,Japanese Grand Prix,stroll,Super soft,4,Soft,31,Super soft,,,,,,,,35
2017,Japanese Grand Prix,hulkenberg,Soft,38,Super soft,,,,,,,,,,38
2017,Japanese Grand Prix,ericsson,Soft,,,,,,,,,,,,0
2017,Japanese Grand Prix,vettel,Super soft,,,,,,,,,,,,0
2017,Japanese Grand Prix,sainz,Soft,,,,,,,,,,,,0
2016,Malaysian Grand Prix,ricciardo,Soft,21,Hard,20,Soft,15,,,,,,,56
2016,Malaysian Grand Prix,verstappen,Soft,9,Soft,18,Hard,14,Soft,15,,,,,56
2016,Malaysian Grand Prix,rosberg,Soft,9,Hard,22,Hard,10,Soft,15,,,,,56
2016,Malaysian Grand Prix,raikkonen,Soft,20,Hard,12,Hard,8,Soft,16,,,,,56
2016,Malaysian Grand Prix,bottas,Medium,29,Hard,27,,,,,,,,,56
2016,Malaysian Grand Prix,perez,Soft,9,Medium,23,Hard,24,,,,,,,56
2016,Malaysian Grand Prix,alonso,Soft,9,Hard,18,Soft,13,Soft,16,,,,,56
2016,Malaysian Grand Prix,hulkenberg,Soft,9,Medium,19,Hard,12,Soft,16,,,,,56
2016,Malaysian Grand Prix,button,Soft,9,Hard,28,Soft,19,,,,,,,56
2016,Malaysian Grand Prix,palmer,Hard,31,Soft,25,,,,,,,,,56
2016,Malaysian Grand Prix,sainz,Soft,20,Hard,17,Soft,19,,,,,,,56
2016,Malaysian Grand Prix,ericsson,Soft,21,Soft,16,Hard,18,,,,,,,55
2016,Malaysian Grand Prix,massa,Soft,1,Hard,5,Hard,25,Medium,24,,,,,55
2016,Malaysian Grand Prix,kvyat,Soft,1,Hard,28,Soft,11,Soft,15,,,,,55
2016,Malaysian Grand Prix,wehrlein,Soft,9,Hard,21,Hard,11,Soft,14,,,,,55
2016,Malaysian Grand Prix,ocon,Soft,12,Hard,19,Hard,24,,,,,,,55
2016,Malaysian Grand Prix,nasr,Medium,32,Hard,14,,,,,,,,,46
2016,Malaysian Grand Prix,hamilton,Soft,20,Hard,,,,,,,,,,20
2016,Malaysian Grand Prix,gutierrez,Soft,1,Soft,21,Hard,,,,,,,,22
2016,Malaysian Grand Prix,magnussen,Medium,1,Hard,,,,,,,,,,1
2016,Malaysian Grand Prix,grosjean,Soft,,,,,,,,,,,,0
2016,Malaysian Grand Prix,vettel,,,,,,,,,,,,,0
2017,Malaysian Grand Prix,verstappen,Super soft,27,Soft,29,,,,,,,,,56
2017,Malaysian Grand Prix,hamilton,Super soft,26,Soft,30,,,,,,,,,56
2017,Malaysian Grand Prix,ricciardo,Super soft,29,Soft,27,,,,,,,,,56
2017,Malaysian Grand Prix,vettel,Soft,27,Super soft,29,,,,,,,,,56
2017,Malaysian Grand Prix,bottas,Super soft,28,Soft,28,,,,,,,,,56
2017,Malaysian Grand Prix,perez,Super soft,30,Soft,26,,,,,,,,,56
2017,Malaysian Grand Prix,vandoorne,Super soft,13,Soft,42,,,,,,,,,55
2017,Malaysian Grand Prix,stroll,Super soft,12,Soft,43,,,,,,,,,55
2017,Malaysian Grand Prix,massa,Super soft,11,Soft,44,,,,,,,,,55
2017,Malaysian Grand Prix,ocon,Super soft,2,Soft,53,,,,,,,,,55
2017,Malaysian Grand Prix,alonso,Super soft,26,Soft,29,,,,,,,,,55
2017,Malaysian Grand Prix,magnussen,Super soft,10,Soft,45,,,,,,,,,55
2017,Malaysian Grand Prix,grosjean,Super soft,11,Soft,22,Super soft,22,,,,,,,55
2017,Malaysian Grand Prix,gasly,Super soft,12,Soft,43,,,,,,,,,55
2017,Malaysian Grand Prix,palmer,Super soft,13,Soft,42,,,,,,,,,55
2017,Malaysian Grand Prix,hulkenberg,Super soft,9,Soft,41,Super soft,5,,,,,,,55
2017,Malaysian Grand Prix,wehrlein,Soft,37,Super soft,18,,,,,,,,,55
2017,Malaysian Grand Prix,ericsson,Soft,38,Super soft,16,,,,,,,,,54
2017,Malaysian Grand Prix,sainz,Super soft,,,,,,,,,,,,0
2017,Malaysian Grand Prix,raikkonen,Super soft,,,,,,,,,,,,
2016,Mexican Grand Prix,hamilton,Soft,17,Medium,54,,,,,,,,,71
2016,Mexican Grand Prix,rosberg,Soft,20,Medium,51,,,,,,,,,71
2016,Mexican Grand Prix,verstappen,Super soft,12,Medium,59,,,,,,,,,71
2016,Mexican Grand Prix,vettel,Soft,32,Medium,39,,,,,,,,,71
2016,Mexican Grand Prix,ricciardo,Super soft,1,Medium,49,Soft,21,,,,,,,71
2016,Mexican Grand Prix,raikkonen,Soft,20,Medium,25,Medium,26,,,,,,,71
2016,Mexican Grand Prix,hulkenberg,Super soft,14,Medium,57,,,,,,,,,71
2016,Mexican Grand Prix,bottas,Super soft,19,Medium,52,,,,,,,,,71
2016,Mexican Grand Prix,massa,Super soft,14,Medium,57,,,,,,,,,71
2016,Mexican Grand Prix,perez,Soft,20,Medium,51,,,,,,,,,71
2016,Mexican Grand Prix,ericsson,Soft,1,Medium,69,,,,,,,,,70
2016,Mexican Grand Prix,button,Soft,17,Medium,53,,,,,,,,,70
2016,Mexican Grand Prix,alonso,Soft,16,Medium,29,Soft,25,,,,,,,70
2016,Mexican Grand Prix,palmer,Super soft,1,Medium,69,,,,,,,,,70
2016,Mexican Grand Prix,sainz,Super soft,12,Medium,58,,,,,,,,,70
2016,Mexican Grand Prix,nasr,Medium,49,Super soft,21,,,,,,,,,70
2016,Mexican Grand Prix,kvyat,Soft,13,Soft,34,Super soft,23,,,,,,,70
2016,Mexican Grand Prix,magnussen,Soft,12,Medium,39,Super soft,19,,,,,,,70
2016,Mexican Grand Prix,gutierrez,Soft,12,Medium,36,Soft,22,,,,,,,70
2016,Mexican Grand Prix,grosjean,Soft,11,Medium,39,Soft,20,,,,,,,70
2016,Mexican Grand Prix,ocon,Soft,15,Medium,54,,,,,,,,,69
2016,Mexican Grand Prix,wehrlein,,,,,,,,,,,,,0
2017,Mexican Grand Prix,verstappen,Ultra soft,32,Super soft,39,,,,,,,,,71
2017,Mexican Grand Prix,bottas,Ultra soft,32,Super soft,39,,,,,,,,,71
2017,Mexican Grand Prix,raikkonen,Ultra soft,32,Soft,39,,,,,,,,,71
2017,Mexican Grand Prix,vettel,Ultra soft,1,Soft,31,Ultra soft,39,,,,,,,71
2017,Mexican Grand Prix,ocon,Ultra soft,20,Soft,50,,,,,,,,,70
2017,Mexican Grand Prix,stroll,Ultra soft,32,Super soft,38,,,,,,,,,70
2017,Mexican Grand Prix,perez,Ultra soft,18,Soft,32,Ultra soft,20,,,,,,,70
2017,Mexican Grand Prix,magnussen,Ultra soft,31,Soft,39,,,,,,,,,70
2017,Mexican Grand Prix,hamilton,Ultra soft,1,Soft,30,Super soft,39,,,,,,,70
2017,Mexican Grand Prix,alonso,Super soft,32,Ultra soft,38,,,,,,,,,70
2017,Mexican Grand Prix,massa,Ultra soft,3,Soft,67,,,,,,,,,70
2017,Mexican Grand Prix,vandoorne,Ultra soft,31,Super soft,39,,,,,,,,,70
2017,Mexican Grand Prix,gasly,Ultra soft,31,Super soft,39,,,,,,,,,70
2017,Mexican Grand Prix,wehrlein,Ultra soft,4,Soft,65,,,,,,,,,69
2017,Mexican Grand Prix,grosjean,Super soft,31,Soft,31,Ultra soft,7,,,,,,,69
2017,Mexican Grand Prix,sainz,Ultra soft,2,Soft,29,Ultra soft,,,,,,,,31
2017,Mexican Grand Prix,ericsson,Ultra soft,28,Super soft,,,,,,,,,,28
2017,Mexican Grand Prix,hartley,Ultra soft,,,,,,,,,,,,0
2017,Mexican Grand Prix,hulkenberg,Ultra soft,19,Soft,,,,,,,,,,19
2017,Mexican Grand Prix,ricciardo,Ultra soft,,,,,,,,,,,,0
2016,Monaco Grand Prix,hamilton,Wet,31,Ultra soft,47,,,,,,,,,78
2016,Monaco Grand Prix,ricciardo,Wet,23,Intermediate,9,Super soft,46,,,,,,,78
2016,Monaco Grand Prix,perez,Wet,21,Intermediate,9,Soft,48,,,,,,,78
2016,Monaco Grand Prix,vettel,Wet,13,Intermediate,18,Soft,47,,,,,,,78
2016,Monaco Grand Prix,alonso,Wet,14,Intermediate,18,Super soft,46,,,,,,,78
2016,Monaco Grand Prix,hulkenberg,Wet,15,Intermediate,16,Soft,47,,,,,,,78
2016,Monaco Grand Prix,rosberg,Wet,20,Intermediate,11,Ultra soft,47,,,,,,,78
2016,Monaco Grand Prix,sainz,Wet,21,Intermediate,10,Super soft,46,,,,,,,77
2016,Monaco Grand Prix,button,Wet,8,Intermediate,22,Super soft,47,,,,,,,77
2016,Monaco Grand Prix,massa,Wet,20,Intermediate,12,Super soft,45,,,,,,,77
2016,Monaco Grand Prix,bottas,Wet,15,Intermediate,15,Super soft,19,Ultra soft,28,,,,,77
2016,Monaco Grand Prix,gutierrez,Wet,16,Intermediate,16,Ultra soft,45,,,,,,,77
2016,Monaco Grand Prix,wehrlein,Wet,31,Ultra soft,45,,,,,,,,,76
2016,Monaco Grand Prix,grosjean,Wet,15,Intermediate,15,Ultra soft,46,,,,,,,76
2016,Monaco Grand Prix,haryanto,Wet,11,Intermediate,23,Ultra soft,13,Ultra soft,27,,,,,74
2016,Monaco Grand Prix,ericsson,Wet,11,Intermediate,18,Ultra soft,20,Ultra soft,,,,,,49
2016,Monaco Grand Prix,nasr,Wet,8,Intermediate,24,Ultra soft,,,,,,,,32
2016,Monaco Grand Prix,verstappen,Wet,12,Intermediate,19,Soft,,,,,,,,31
2016,Monaco Grand Prix,magnussen,Wet,7,Intermediate,14,Intermediate,8,Super soft,,,,,,29
2016,Monaco Grand Prix,kvyat,Wet,7,Intermediate,,,,,,,,,,7
2016,Monaco Grand Prix,raikkonen,Wet,,,,,,,,,,,,0
2016,Monaco Grand Prix,palmer,Wet,,,,,,,,,,,,0
2017,Monaco Grand Prix,vettel,Ultra soft,39,Super soft,39,,,,,,,,,78
2017,Monaco Grand Prix,raikkonen,Ultra soft,34,Super soft,44,,,,,,,,,78
2017,Monaco Grand Prix,ricciardo,Ultra soft,38,Super soft,40,,,,,,,,,78
2017,Monaco Grand Prix,bottas,Ultra soft,33,Super soft,45,,,,,,,,,78
2017,Monaco Grand Prix,verstappen,Ultra soft,32,Super soft,28,Ultra soft,18,,,,,,,78
2017,Monaco Grand Prix,sainz,Ultra soft,37,Super soft,41,,,,,,,,,78
2017,Monaco Grand Prix,hamilton,Ultra soft,46,Super soft,32,,,,,,,,,78
2017,Monaco Grand Prix,grosjean,Ultra soft,40,Super soft,38,,,,,,,,,78
2017,Monaco Grand Prix,massa,Ultra soft,38,Super soft,24,Ultra soft,16,,,,,,,78
2017,Monaco Grand Prix,magnussen,Ultra soft,37,Super soft,5,Ultra soft,36,,,,,,,78
2017,Monaco Grand Prix,palmer,Ultra soft,42,Super soft,36,,,,,,,,,78
2017,Monaco Grand Prix,ocon,Ultra soft,36,Super soft,3,Ultra soft,21,Ultra soft,18,,,,,78
2017,Monaco Grand Prix,perez,Ultra soft,16,Super soft,47,Ultra soft,9,Ultra soft,6,,,,,78
2017,Monaco Grand Prix,kvyat,Ultra soft,36,Super soft,,,,,,,,,,36
2017,Monaco Grand Prix,stroll,Ultra soft,41,Super soft,26,Ultra soft,,,,,,,,67
2017,Monaco Grand Prix,vandoorne,Ultra soft,43,Super soft,,,,,,,,,,43
2017,Monaco Grand Prix,ericsson,Super soft,35,Ultra soft,,,,,,,,,,35
2017,Monaco Grand Prix,wehrlein,Super soft,1,Ultra soft,,,,,,,,,,1
2017,Monaco Grand Prix,button,Ultra soft,1,Super soft,38,Ultra soft,,,,,,,,39
2017,Monaco Grand Prix,hulkenberg,Ultra soft,,,,,,,,,,,,0
2016,Russian Grand Prix,rosberg,Super soft,21,Soft,32,,,,,,,,,53
2016,Russian Grand Prix,hamilton,Super soft,17,Soft,36,,,,,,,,,53
2016,Russian Grand Prix,raikkonen,Super soft,20,Soft,33,,,,,,,,,53
2016,Russian Grand Prix,bottas,Super soft,16,Soft,37,,,,,,,,,53
2016,Russian Grand Prix,massa,Super soft,18,Soft,28,Super soft,7,,,,,,,53
2016,Russian Grand Prix,alonso,Super soft,21,Soft,31,,,,,,,,,52
2016,Russian Grand Prix,magnussen,Super soft,16,Soft,36,,,,,,,,,52
2016,Russian Grand Prix,grosjean,Super soft,17,Soft,35,,,,,,,,,52
2016,Russian Grand Prix,perez,Super soft,1,Soft,26,Soft,25,,,,,,,52
2016,Russian Grand Prix,button,Super soft,20,Soft,32,,,,,,,,,52
2016,Russian Grand Prix,sainz,Super soft,11,Soft,41,,,,,,,,,52
2016,Russian Grand Prix,ricciardo,Super soft,1,Medium,28,Soft,23,,,,,,,52
2016,Russian Grand Prix,palmer,Super soft,14,Soft,38,,,,,,,,,52
2016,Russian Grand Prix,ericsson,Soft,1,Super soft,27,Super soft,24,,,,,,,52
2016,Russian Grand Prix,kvyat,Super soft,1,Medium,51,,,,,,,,,52
2016,Russian Grand Prix,nasr,Super soft,12,Soft,40,,,,,,,,,52
2016,Russian Grand Prix,gutierrez,Soft,1,Medium,8,Medium,43,,,,,,,52
2016,Russian Grand Prix,wehrlein,Super soft,13,Soft,26,Super soft,12,,,,,,,51
2016,Russian Grand Prix,verstappen,Super soft,22,Soft,,,,,,,,,,22
2016,Russian Grand Prix,vettel,Super soft,,,,,,,,,,,,0
2016,Russian Grand Prix,hulkenberg,Super soft,,,,,,,,,,,,0
2016,Russian Grand Prix,haryanto,Super soft,,,,,,,,,,,,0
2017,Russian Grand Prix,bottas,Ultra soft,27,Super soft,25,,,,,,,,,52
2017,Russian Grand Prix,vettel,Ultra soft,34,Super soft,18,,,,,,,,,52
2017,Russian Grand Prix,raikkonen,Ultra soft,29,Super soft,23,,,,,,,,,52
2017,Russian Grand Prix,hamilton,Ultra soft,30,Super soft,22,,,,,,,,,52
2017,Russian Grand Prix,verstappen,Ultra soft,29,Super soft,23,,,,,,,,,52
2017,Russian Grand Prix,perez,Ultra soft,27,Super soft,25,,,,,,,,,52
2017,Russian Grand Prix,ocon,Ultra soft,26,Super soft,26,,,,,,,,,52
2017,Russian Grand Prix,hulkenberg,Ultra soft,40,Super soft,12,,,,,,,,,52
2017,Russian Grand Prix,massa,Ultra soft,21,Super soft,20,Ultra soft,10,,,,,,,51
2017,Russian Grand Prix,sainz,Ultra soft,24,Super soft,27,,,,,,,,,51
2017,Russian Grand Prix,stroll,Ultra soft,26,Super soft,25,,,,,,,,,51
2017,Russian Grand Prix,kvyat,Ultra soft,21,Super soft,30,,,,,,,,,51
2017,Russian Grand Prix,magnussen,Ultra soft,21,Super soft,30,,,,,,,,,51
2017,Russian Grand Prix,vandoorne,Super soft,1,Ultra soft,23,Ultra soft,27,,,,,,,51
2017,Russian Grand Prix,ericsson,Super soft,1,Ultra soft,20,Ultra soft,30,,,,,,,51
2017,Russian Grand Prix,wehrlein,Super soft,2,Ultra soft,18,Ultra soft,30,,,,,,,50
2017,Russian Grand Prix,ricciardo,Ultra soft,,,,,,,,,,,,0
2017,Russian Grand Prix,palmer,,,,,,,,,,,,,
2017,Russian Grand Prix,grosjean,,,,,,,,,,,,,
2017,Russian Grand Prix,alonso,,,,,,,,,,,,,
2016,Singapore Grand Prix,rosberg,Ultra soft,16,Soft,17,Soft,28,,,,,,,61
2016,Singapore Grand Prix,ricciardo,Super soft,15,Super soft,17,Soft,15,Super soft,14,,,,,61
2016,Singapore Grand Prix,hamilton,Ultra soft,15,Soft,19,Soft,11,Super soft,16,,,,,61
2016,Singapore Grand Prix,raikkonen,Ultra soft,17,Super soft,16,Soft,13,Ultra soft,15,,,,,61
2016,Singapore Grand Prix,vettel,Soft,24,Ultra soft,18,Ultra soft,19,,,,,,,61
2016,Singapore Grand Prix,verstappen,Super soft,13,Super soft,14,Super soft,17,Soft,17,,,,,61
2016,Singapore Grand Prix,alonso,Ultra soft,14,Super soft,20,Soft,27,,,,,,,61
2016,Singapore Grand Prix,perez,Ultra soft,1,Soft,24,Soft,36,,,,,,,61
2016,Singapore Grand Prix,kvyat,Ultra soft,15,Super soft,22,Super soft,24,,,,,,,61
2016,Singapore Grand Prix,magnussen,Ultra soft,17,Super soft,21,Super soft,23,,,,,,,61
2016,Singapore Grand Prix,gutierrez,Ultra soft,18,Ultra soft,18,Soft,24,,,,,,,60
2016,Singapore Grand Prix,massa,Ultra soft,16,Super soft,12,Ultra soft,15,Ultra soft,17,,,,,60
2016,Singapore Grand Prix,nasr,Super soft,17,Super soft,18,Soft,25,,,,,,,60
2016,Singapore Grand Prix,sainz,Ultra soft,7,Super soft,20,Soft,21,Ultra soft,12,,,,,60
2016,Singapore Grand Prix,palmer,Super soft,11,Super soft,23,Soft,26,,,,,,,60
2016,Singapore Grand Prix,wehrlein,Ultra soft,18,Super soft,18,Ultra soft,24,,,,,,,60
2016,Singapore Grand Prix,ericsson,Ultra soft,8,Super soft,17,Ultra soft,11,Soft,24,,,,,60
2016,Singapore Grand Prix,ocon,Ultra soft,19,Ultra soft,15,Super soft,11,Super soft,14,,,,,59
2016,Singapore Grand Prix,button,Ultra soft,1,Super soft,14,Ultra soft,12,Soft,16,,,,,43
2016,Singapore Grand Prix,bottas,Ultra soft,1,Soft,14,Super soft,15,Ultra soft,2,Ultra soft,,,,32
2016,Singapore Grand Prix,hulkenberg,Soft,,,,,,,,,,,,
2016,Singapore Grand Prix,grosjean,,,,,,,,,,,,,
2017,Singapore Grand Prix,hamilton,Intermediate,29,Ultra soft,29,,,,,,,,,58
2017,Singapore Grand Prix,ricciardo,Intermediate,11,Intermediate,17,Ultra soft,30,,,,,,,58
2017,Singapore Grand Prix,bottas,Intermediate,28,Ultra soft,30,,,,,,,,,58
2017,Singapore Grand Prix,sainz,Intermediate,27,Super soft,31,,,,,,,,,58
2017,Singapore Grand Prix,perez,Wet,11,Intermediate,17,Ultra soft,30,,,,,,,58
2017,Singapore Grand Prix,palmer,Wet,12,Intermediate,17,Ultra soft,29,,,,,,,58
2017,Singapore Grand Prix,vandoorne,Wet,12,Intermediate,15,Ultra soft,31,,,,,,,58
2017,Singapore Grand Prix,stroll,Intermediate,26,Ultra soft,32,,,,,,,,,58
2017,Singapore Grand Prix,grosjean,Intermediate,27,Ultra soft,31,,,,,,,,,58
2017,Singapore Grand Prix,ocon,Wet,11,Intermediate,16,Ultra soft,11,Ultra soft,20,,,,,58
2017,Singapore Grand Prix,massa,Wet,17,Intermediate,7,Ultra soft,13,Ultra soft,21,,,,,58
2017,Singapore Grand Prix,wehrlein,Wet,2,Wet,19,Intermediate,7,Ultra soft,9,,19,,,56
2017,Singapore Grand Prix,magnussen,Wet,11,Intermediate,13,Ultra soft,14,Ultra soft,,,,,,38
2017,Singapore Grand Prix,hulkenberg,Wet,12,Intermediate,16,Ultra soft,10,Ultra soft,,,,,,38
2017,Singapore Grand Prix,ericsson,Wet,2,Wet,11,Intermediate,14,Soft,,,4,,,31
2017,Singapore Grand Prix,kvyat,Intermediate,,,,,,,,,,,,0
2017,Singapore Grand Prix,alonso,Wet,,,,,,,,,,,,0
2017,Singapore Grand Prix,verstappen,Intermediate,,,,,,,,,,,,0
2017,Singapore Grand Prix,vettel,Intermediate,,,,,,,,,,,,0
2017,Singapore Grand Prix,raikkonen,Intermediate,,,,,,,,,,,,0
2016,Spanish Grand Prix,verstappen,Soft,12,Medium,22,Medium,32,,,,,,,66
2016,Spanish Grand Prix,raikkonen,Soft,12,Medium,23,Medium,31,,,,,,,66
2016,Spanish Grand Prix,vettel,Soft,15,Medium,14,Soft,8,Medium,29,,,,,66
2016,Spanish Grand Prix,ricciardo,Soft,11,Medium,17,Soft,15,Medium,22,Super soft,1,,,66
2016,Spanish Grand Prix,bottas,Soft,12,Medium,27,Medium,27,,,,,,,66
2016,Spanish Grand Prix,sainz,Soft,10,Medium,28,Medium,28,,,,,,,66
2016,Spanish Grand Prix,perez,Soft,9,Medium,26,Medium,31,,,,,,,66
2016,Spanish Grand Prix,massa,Soft,8,Medium,17,Soft,16,Medium,25,,,,,66
2016,Spanish Grand Prix,button,Soft,10,Medium,26,Medium,29,,,,,,,65
2016,Spanish Grand Prix,kvyat,Soft,9,Medium,16,Medium,26,Soft,14,,,,,65
2016,Spanish Grand Prix,gutierrez,Soft,16,Soft,14,Medium,35,,,,,,,65
2016,Spanish Grand Prix,ericsson,Soft,9,Soft,15,Medium,16,Medium,25,,,,,65
2016,Spanish Grand Prix,palmer,Soft,11,Medium,22,Hard,32,,,,,,,65
2016,Spanish Grand Prix,nasr,Soft,12,Medium,24,Medium,29,,,,,,,65
2016,Spanish Grand Prix,magnussen,Soft,10,Medium,20,Hard,25,Soft,10,,,,,65
2016,Spanish Grand Prix,wehrlein,Soft,11,Medium,22,Medium,32,,,,,,,65
2016,Spanish Grand Prix,haryanto,Medium,22,Medium,26,Soft,17,,,,,,,65
2016,Spanish Grand Prix,grosjean,Soft,15,Soft,14,Medium,8,Soft,,,,,,37
2016,Spanish Grand Prix,alonso,Soft,11,Medium,28,Medium,,,,,,,,39
2016,Spanish Grand Prix,hulkenberg,Soft,10,Medium,,,,,,,,,,10
2016,Spanish Grand Prix,hamilton,Soft,,,,,,,,,,,,0
2016,Spanish Grand Prix,rosberg,Soft,,,,,,,,,,,,0
2017,Spanish Grand Prix,hamilton,Soft,21,Medium,15,Soft,30,,,,,,,66
2017,Spanish Grand Prix,vettel,Soft,14,Soft,23,Medium,29,,,,,,,66
2017,Spanish Grand Prix,ricciardo,Soft,21,Medium,17,Soft,28,,,,,,,66
2017,Spanish Grand Prix,perez,Soft,18,Soft,16,Medium,31,,,,,,,65
2017,Spanish Grand Prix,ocon,Soft,16,Soft,18,Medium,31,,,,,,,65
2017,Spanish Grand Prix,hulkenberg,Soft,15,Soft,18,Medium,32,,,,,,,65
2017,Spanish Grand Prix,wehrlein,Soft,33,Medium,32,,,,,,,,,65
2017,Spanish Grand Prix,sainz,Soft,13,Soft,21,Medium,31,,,,,,,65
2017,Spanish Grand Prix,kvyat,Medium,1,Soft,32,Soft,32,,,,,,,65
2017,Spanish Grand Prix,grosjean,Soft,19,Soft,15,Medium,31,,,,,,,65
2017,Spanish Grand Prix,ericsson,Soft,18,Soft,14,Medium,32,,,,,,,64
2017,Spanish Grand Prix,alonso,Soft,12,Soft,19,Medium,20,Soft,13,,,,,64
2017,Spanish Grand Prix,massa,Soft,1,Soft,12,Soft,20,Medium,31,,,,,64
2017,Spanish Grand Prix,magnussen,Soft,13,Soft,20,Medium,30,Soft,1,,,,,64
2017,Spanish Grand Prix,palmer,Medium,2,Soft,19,Soft,21,Soft,22,,,,,64
2017,Spanish Grand Prix,stroll,Soft,12,Soft,21,Medium,31,,,,,,,64
2017,Spanish Grand Prix,bottas,Soft,26,Medium,,,,,,,,,,26
2017,Spanish Grand Prix,vandoorne,Medium,12,Soft,,,,,,,,,,12
2017,Spanish Grand Prix,verstappen,Soft,,,,,,,,,,,,0
2017,Spanish Grand Prix,raikkonen,,,,,,,,,,,,,0
2016,United States Grand Prix,hamilton,Soft,11,Soft,20,Medium,25,,,,,,,56
2016,United States Grand Prix,rosberg,Soft,10,Medium,21,Medium,25,,,,,,,56
2016,United States Grand Prix,ricciardo,Super soft,8,Soft,17,Medium,31,,,,,,,56
2016,United States Grand Prix,vettel,Super soft,14,Soft,15,Medium,24,Super soft,3,,,,,56
2016,United States Grand Prix,alonso,Soft,11,Medium,19,Medium,26,,,,,,,56
2016,United States Grand Prix,sainz,Super soft,11,Soft,19,Soft,26,,,,,,,56
2016,United States Grand Prix,massa,Super soft,11,Soft,18,Medium,25,Super soft,1,,,,,55
2016,United States Grand Prix,perez,Super soft,10,Medium,17,Medium,28,,,,,,,55
2016,United States Grand Prix,button,Super soft,10,Medium,18,Medium,27,,,,,,,55
2016,United States Grand Prix,grosjean,Super soft,10,Soft,17,Medium,28,,,,,,,55
2016,United States Grand Prix,magnussen,Soft,13,Soft,14,Medium,16,Super soft,12,,,,,55
2016,United States Grand Prix,kvyat,Soft,21,Medium,34,,,,,,,,,55
2016,United States Grand Prix,palmer,Soft,15,Soft,11,Medium,29,,,,,,,55
2016,United States Grand Prix,ericsson,Soft,17,Medium,38,,,,,,,,,55
2016,United States Grand Prix,nasr,Medium,29,Soft,26,,,,,,,,,55
2016,United States Grand Prix,bottas,Super soft,1,Soft,19,Medium,35,,,,,,,55
2016,United States Grand Prix,wehrlein,Soft,13,Medium,17,Medium,25,,,,,,,55
2016,United States Grand Prix,ocon,Medium,17,Soft,9,Soft,18,Super soft,10,,,,,54
2016,United States Grand Prix,raikkonen,Super soft,8,Soft,16,Super soft,,,,,,,,24
2016,United States Grand Prix,verstappen,Soft,9,Soft,17,Medium,,,,,,,,26
2016,United States Grand Prix,gutierrez,Soft,13,Soft,,,,,,,,,,13
2016,United States Grand Prix,hulkenberg,Super soft,,,,,,,,,,,,0
2017,United States Grand Prix,hamilton,Ultra soft,19,Soft,37,,,,,,,,,56
2017,United States Grand Prix,vettel,Ultra soft,16,Soft,22,Super soft,18,,,,,,,56
2017,United States Grand Prix,raikkonen,Ultra soft,20,Soft,36,,,,,,,,,56
2017,United States Grand Prix,verstappen,Super soft,24,Soft,13,Super soft,19,,,,,,,56
2017,United States Grand Prix,bottas,Ultra soft,18,Soft,34,Ultra soft,4,,,,,,,56
2017,United States Grand Prix,ocon,Ultra soft,14,Soft,42,,,,,,,,,56
2017,United States Grand Prix,sainz,Ultra soft,19,Soft,37,,,,,,,,,56
2017,United States Grand Prix,perez,Ultra soft,12,Soft,43,,,,,,,,,55
2017,United States Grand Prix,massa,Super soft,29,Ultra soft,26,,,,,,,,,55
2017,United States Grand Prix,kvyat,Ultra soft,17,Soft,38,,,,,,,,,55
2017,United States Grand Prix,stroll,Super soft,10,Soft,26,Ultra soft,19,,,,,,,55
2017,United States Grand Prix,vandoorne,Super soft,25,Ultra soft,30,,,,,,,,,55
2017,United States Grand Prix,hartley,Ultra soft,8,Super soft,27,Super soft,20,,,,,,,55
2017,United States Grand Prix,grosjean,Ultra soft,16,Soft,39,,,,,,,,,55
2017,United States Grand Prix,ericsson,Super soft,21,Soft,34,,,,,,,,,55
2017,United States Grand Prix,magnussen,Super soft,1,Soft,48,Ultra soft,6,,,,,,,55
2017,United States Grand Prix,alonso,Ultra soft,14,Soft,,,,,,,,,,14
2017,United States Grand Prix,ricciardo,Ultra soft,12,Super soft,,,,,,,,,,12
2017,United States Grand Prix,wehrlein,Soft,3,Soft,,,,,,,,,,3
2017,United States Grand Prix,hulkenberg,Ultra soft,,,,,,,,,,,,0